Workbook

Sheet README
A1: PC Components Reference Workbook
A2: Built for RN IT Solutions - build planning, quoting and compatibility checks
A5: SCOPE
A6: CPU | B6: Intel 10th Gen (Comet Lake) through Core Ultra 200S (Arrow Lake). AMD AM4 (Ryzen 1000-5000, incl. APUs and X3D) and AM5 (Ryzen 7000/8000G/9000).
A7: GPU | B7: NVIDIA GTX 16 / RTX 20-50, AMD RX 5000-9000, Intel Arc A- and B-series.
A8: Motherboard | B8: Representative boards per chipset: LGA1200, LGA1700, LGA1851, AM4, AM5.
A9: RAM | B9: DDR4 and DDR5 desktop UDIMM kits from the main memory brands.
A10: Storage | B10: NVMe (PCIe 3.0/4.0/5.0), SATA SSD, and 3.5" HDD lines.
A11: PSU | B11: 500 W to 1000 W only, as requested. ATX, SFX and SFX-L units.
A12: Case | B12: Mid tower through full/super tower only, as requested.
A13: CPU Cooler | B13: Air towers and AIO liquid coolers, included as a bonus sheet.
A15: HOW TO USE
A16: Filtering | B16: Every sheet has AutoFilter on row 1 and a frozen header row. Click the arrow on any header to filter (e.g. Socket = AM4).
A17: Compatibility | B17: Match CPU 'Socket' to Motherboard 'Socket', then match 'Memory Type' between the CPU/board and the RAM sheet.
A18: PSU sizing | B18: The GPU sheet's 'Recommended PSU (W)' column is the card vendor's whole-system figure. Filter the PSU sheet at or above that number.
A19: Case fitment | B19: Check GPU length and cooler height against the case sheet's 'Max GPU Length' and 'Max CPU Cooler Height' columns.
A21: NOTES AND CAVEATS
A22: Source | B22: Compiled from manufacturer specifications (Intel ARK, AMD, NVIDIA, and vendor product pages) as commonly aggregated on PCPartPicker. No live data was scraped; this is a static reference snapshot.
A23: No pricing | B23: Prices move constantly and vary by region, so no price column is included. Check PCPartPicker or PH retailers for current pricing.
A24: Accuracy | B24: Clock speeds and TDP are stock manufacturer figures. Board partner (AIB) cards and factory-OC SKUs will differ. Case and PSU specs are for the base model; revisions vary.
A25: Coverage | B25: Motherboard, RAM, storage, PSU, case and cooler sheets are representative of each brand's main lines, not an exhaustive SKU list. The CPU sheet is close to exhaustive for the ranges requested.
A26: Currency | B26: Data reflects products released up to roughly mid-2026. Verify anything newer against the vendor's own page.
A27: Editing | B27: Add your own rows at the bottom of any sheet, or add a 'Price (PHP)' or 'Local Supplier' column to the right - nothing here depends on a fixed column count.

Sheet 1. CPU
A1: Brand | B1: Generation / Family | C1: Model | D1: Codename | E1: Socket | F1: Cores | G1: Threads | H1: Base Clock (GHz) | I1: Boost Clock (GHz) | J1: L3 Cache (MB) | K1: Base TDP (W) | L1: Integrated Graphics | M1: Memory Support | N1: Launch Year
A2: Intel | B2: 10th Gen Core (Comet Lake-S) | C2: Core i3-10100 | D2: Comet Lake-S | E2: LGA1200 | F2: 4 | G2: 8 | H2: 3.6 | I2: 4.3 | J2: 6 | K2: 65 | L2: UHD Graphics 630 | M2: DDR4-2666 | N2: 2020
A3: Intel | B3: 10th Gen Core (Comet Lake-S) | C3: Core i3-10100F | D3: Comet Lake-S | E3: LGA1200 | F3: 4 | G3: 8 | H3: 3.6 | I3: 4.3 | J3: 6 | K3: 65 | L3: None | M3: DDR4-2666 | N3: 2020
A4: Intel | B4: 10th Gen Core (Comet Lake-S) | C4: Core i3-10105 | D4: Comet Lake-S | E4: LGA1200 | F4: 4 | G4: 8 | H4: 3.7 | I4: 4.4 | J4: 6 | K4: 65 | L4: UHD Graphics 630 | M4: DDR4-2666 | N4: 2021
A5: Intel | B5: 10th Gen Core (Comet Lake-S) | C5: Core i3-10105F | D5: Comet Lake-S | E5: LGA1200 | F5: 4 | G5: 8 | H5: 3.7 | I5: 4.4 | J5: 6 | K5: 65 | L5: None | M5: DDR4-2666 | N5: 2021
A6: Intel | B6: 10th Gen Core (Comet Lake-S) | C6: Core i3-10300 | D6: Comet Lake-S | E6: LGA1200 | F6: 4 | G6: 8 | H6: 3.7 | I6: 4.4 | J6: 8 | K6: 65 | L6: UHD Graphics 630 | M6: DDR4-2666 | N6: 2020
A7: Intel | B7: 10th Gen Core (Comet Lake-S) | C7: Core i3-10320 | D7: Comet Lake-S | E7: LGA1200 | F7: 4 | G7: 8 | H7: 3.8 | I7: 4.6 | J7: 8 | K7: 65 | L7: UHD Graphics 630 | M7: DDR4-2666 | N7: 2020
A8: Intel | B8: 10th Gen Core (Comet Lake-S) | C8: Core i5-10400 | D8: Comet Lake-S | E8: LGA1200 | F8: 6 | G8: 12 | H8: 2.9 | I8: 4.3 | J8: 12 | K8: 65 | L8: UHD Graphics 630 | M8: DDR4-2666 | N8: 2020
A9: Intel | B9: 10th Gen Core (Comet Lake-S) | C9: Core i5-10400F | D9: Comet Lake-S | E9: LGA1200 | F9: 6 | G9: 12 | H9: 2.9 | I9: 4.3 | J9: 12 | K9: 65 | L9: None | M9: DDR4-2666 | N9: 2020
A10: Intel | B10: 10th Gen Core (Comet Lake-S) | C10: Core i5-10500 | D10: Comet Lake-S | E10: LGA1200 | F10: 6 | G10: 12 | H10: 3.1 | I10: 4.5 | J10: 12 | K10: 65 | L10: UHD Graphics 630 | M10: DDR4-2666 | N10: 2020
A11: Intel | B11: 10th Gen Core (Comet Lake-S) | C11: Core i5-10600 | D11: Comet Lake-S | E11: LGA1200 | F11: 6 | G11: 12 | H11: 3.3 | I11: 4.8 | J11: 12 | K11: 65 | L11: UHD Graphics 630 | M11: DDR4-2666 | N11: 2020
A12: Intel | B12: 10th Gen Core (Comet Lake-S) | C12: Core i5-10600K | D12: Comet Lake-S | E12: LGA1200 | F12: 6 | G12: 12 | H12: 4.1 | I12: 4.8 | J12: 12 | K12: 125 | L12: UHD Graphics 630 | M12: DDR4-2666 | N12: 2020
A13: Intel | B13: 10th Gen Core (Comet Lake-S) | C13: Core i5-10600KF | D13: Comet Lake-S | E13: LGA1200 | F13: 6 | G13: 12 | H13: 4.1 | I13: 4.8 | J13: 12 | K13: 125 | L13: None | M13: DDR4-2666 | N13: 2020
... A171: AMD | B171: Ryzen 9000 (Granite Ridge X3D) | C171: Ryzen 9 9950X3D | D171: Granite Ridge | E171: AM5 | F171: 16 | G171: 32 | H171: 4.3 | I171: 5.7 | J171: 128 | K171: 170 | L171: Radeon Graphics (RDNA 2, 2 CU) | M171: DDR5-5600 | N171: 2025

Sheet 2. GPU
A1: Brand (GPU) | B1: Series | C1: Model | D1: Architecture | E1: VRAM | F1: Memory Type | G1: Memory Bus | H1: TDP (W) | I1: Recommended PSU (W) | J1: Power Connector | K1: Typical AIB Partners | L1: Launch Year
A2: NVIDIA | B2: GeForce GTX 16 | C2: GTX 1650 | D2: Turing (TU117) | E2: 4 GB | F2: GDDR5 / GDDR6 | G2: 128-bit | H2: 75 | I2: 300 | J2: None / 1x 6-pin | K2: ASUS, MSI, Gigabyte, Zotac, Palit, Colorful | L2: 2019
A3: NVIDIA | B3: GeForce GTX 16 | C3: GTX 1650 SUPER | D3: Turing (TU116) | E3: 4 GB | F3: GDDR6 | G3: 128-bit | H3: 100 | I3: 350 | J3: 1x 6-pin | K3: ASUS, MSI, Gigabyte, Zotac, Palit | L3: 2019
A4: NVIDIA | B4: GeForce GTX 16 | C4: GTX 1660 | D4: Turing (TU116) | E4: 6 GB | F4: GDDR5 | G4: 192-bit | H4: 120 | I4: 450 | J4: 1x 8-pin | K4: ASUS, MSI, Gigabyte, Zotac, Palit | L4: 2019
A5: NVIDIA | B5: GeForce GTX 16 | C5: GTX 1660 SUPER | D5: Turing (TU116) | E5: 6 GB | F5: GDDR6 | G5: 192-bit | H5: 125 | I5: 450 | J5: 1x 8-pin | K5: ASUS, MSI, Gigabyte, Zotac, Palit, Colorful | L5: 2019
A6: NVIDIA | B6: GeForce GTX 16 | C6: GTX 1660 Ti | D6: Turing (TU116) | E6: 6 GB | F6: GDDR6 | G6: 192-bit | H6: 120 | I6: 450 | J6: 1x 8-pin | K6: ASUS, MSI, Gigabyte, EVGA, Zotac | L6: 2019
A7: NVIDIA | B7: GeForce RTX 20 | C7: RTX 2060 | D7: Turing (TU106) | E7: 6 GB | F7: GDDR6 | G7: 192-bit | H7: 160 | I7: 500 | J7: 1x 8-pin | K7: ASUS, MSI, Gigabyte, EVGA, Zotac, Palit | L7: 2019
A8: NVIDIA | B8: GeForce RTX 20 | C8: RTX 2060 12GB | D8: Turing (TU106) | E8: 12 GB | F8: GDDR6 | G8: 192-bit | H8: 184 | I8: 550 | J8: 1x 8-pin | K8: ASUS, MSI, Gigabyte, Zotac, Palit | L8: 2021
A9: NVIDIA | B9: GeForce RTX 20 | C9: RTX 2060 SUPER | D9: Turing (TU106) | E9: 8 GB | F9: GDDR6 | G9: 256-bit | H9: 175 | I9: 550 | J9: 1x 8-pin | K9: ASUS, MSI, Gigabyte, EVGA, Zotac | L9: 2019
A10: NVIDIA | B10: GeForce RTX 20 | C10: RTX 2070 | D10: Turing (TU106) | E10: 8 GB | F10: GDDR6 | G10: 256-bit | H10: 175 | I10: 550 | J10: 1x 8-pin | K10: ASUS, MSI, Gigabyte, EVGA, Zotac | L10: 2018
A11: NVIDIA | B11: GeForce RTX 20 | C11: RTX 2070 SUPER | D11: Turing (TU104) | E11: 8 GB | F11: GDDR6 | G11: 256-bit | H11: 215 | I11: 650 | J11: 1x 8-pin + 1x 6-pin | K11: ASUS, MSI, Gigabyte, EVGA, Zotac | L11: 2019
A12: NVIDIA | B12: GeForce RTX 20 | C12: RTX 2080 | D12: Turing (TU104) | E12: 8 GB | F12: GDDR6 | G12: 256-bit | H12: 215 | I12: 650 | J12: 1x 8-pin + 1x 6-pin | K12: ASUS, MSI, Gigabyte, EVGA, Zotac | L12: 2018
A13: NVIDIA | B13: GeForce RTX 20 | C13: RTX 2080 SUPER | D13: Turing (TU104) | E13: 8 GB | F13: GDDR6 | G13: 256-bit | H13: 250 | I13: 650 | J13: 2x 8-pin | K13: ASUS, MSI, Gigabyte, EVGA, Zotac | L13: 2019
... A76: Intel | B76: Arc B-Series | C76: Arc B580 | D76: Battlemage (BMG-G21) | E76: 12 GB | F76: GDDR6 | G76: 192-bit | H76: 190 | I76: 600 | J76: 1x 8-pin | K76: Intel, ASRock, Sparkle, Acer, Gunnir, Maxsun | L76: 2024

Sheet 3. Motherboard
A1: Brand | B1: Model | C1: Chipset | D1: Socket | E1: CPU Platform | F1: Form Factor | G1: Memory Type | H1: RAM Slots | I1: Max RAM | J1: M.2 Slots | K1: PCIe Version (x16) | L1: Notable Features
A2: ASUS | B2: PRIME H510M-E | C2: H510 | D2: LGA1200 | E2: Intel 10th/11th Gen | F2: Micro-ATX | G2: DDR4 | H2: 2 | I2: 64 GB | J2: 1 | K2: PCIe 4.0 (11th Gen) | L2: Entry office board, no OC
A3: ASUS | B3: TUF Gaming B560M-PLUS | C3: B560 | D3: LGA1200 | E3: Intel 10th/11th Gen | F3: Micro-ATX | G3: DDR4 | H3: 4 | I3: 128 GB | J3: 2 | K3: PCIe 4.0 (11th Gen) | L3: Memory OC, 2.5G LAN on some SKUs
A4: ASUS | B4: ROG STRIX Z590-E Gaming WiFi | C4: Z590 | D4: LGA1200 | E4: Intel 10th/11th Gen | F4: ATX | G4: DDR4 | H4: 4 | I4: 128 GB | J4: 3 | K4: PCIe 4.0 (11th Gen) | L4: CPU OC, WiFi 6E, 2.5G LAN
A5: MSI | B5: H510M-A PRO | C5: H510 | D5: LGA1200 | E5: Intel 10th/11th Gen | F5: Micro-ATX | G5: DDR4 | H5: 2 | I5: 64 GB | J5: 1 | K5: PCIe 4.0 (11th Gen) | L5: Budget build board
A6: MSI | B6: MAG B560M MORTAR WIFI | C6: B560 | D6: LGA1200 | E6: Intel 10th/11th Gen | F6: Micro-ATX | G6: DDR4 | H6: 4 | I6: 128 GB | J6: 2 | K6: PCIe 4.0 (11th Gen) | L6: WiFi 6, 2.5G LAN
A7: MSI | B7: MPG Z490 GAMING PLUS | C7: Z490 | D7: LGA1200 | E7: Intel 10th/11th Gen | F7: ATX | G7: DDR4 | H7: 4 | I7: 128 GB | J7: 2 | K7: PCIe 3.0 | L7: CPU OC, 2.5G LAN
A8: Gigabyte | B8: H410M H V2 | C8: H410 | D8: LGA1200 | E8: Intel 10th Gen | F8: Micro-ATX | G8: DDR4 | H8: 2 | I8: 64 GB | J8: 1 | K8: PCIe 3.0 | L8: Entry-level, 10th Gen only
A9: Gigabyte | B9: B560M DS3H | C9: B560 | D9: LGA1200 | E9: Intel 10th/11th Gen | F9: Micro-ATX | G9: DDR4 | H9: 4 | I9: 128 GB | J9: 2 | K9: PCIe 4.0 (11th Gen) | L9: Value mainstream board
A10: Gigabyte | B10: Z590 AORUS ELITE AX | C10: Z590 | D10: LGA1200 | E10: Intel 10th/11th Gen | F10: ATX | G10: DDR4 | H10: 4 | I10: 128 GB | J10: 3 | K10: PCIe 4.0 (11th Gen) | L10: CPU OC, WiFi 6, 2.5G LAN
A11: ASRock | B11: B560M-HDV | C11: B560 | D11: LGA1200 | E11: Intel 10th/11th Gen | F11: Micro-ATX | G11: DDR4 | H11: 2 | I11: 64 GB | J11: 1 | K11: PCIe 4.0 (11th Gen) | L11: Budget SI board
A12: ASUS | B12: PRIME H610M-E D4 | C12: H610 | D12: LGA1700 | E12: Intel 12th/13th/14th Gen | F12: Micro-ATX | G12: DDR4 | H12: 2 | I12: 64 GB | J12: 1 | K12: PCIe 4.0 | L12: Entry board, no OC
A13: ASUS | B13: PRIME B760M-A WIFI D4 | C13: B760 | D13: LGA1700 | E13: Intel 12th/13th/14th Gen | F13: Micro-ATX | G13: DDR4 | H13: 4 | I13: 128 GB | J13: 2 | K13: PCIe 4.0 | L13: WiFi 6, memory OC
... A68: ASRock | B68: X870 Steel Legend WiFi | C68: X870 | D68: AM5 | E68: AMD Ryzen 7000-9000 | F68: ATX | G68: DDR5 | H68: 4 | I68: 256 GB | J68: 4 | K68: PCIe 5.0 | L68: USB4, WiFi 7, 2.5G LAN

Sheet 4. RAM
A1: Brand | B1: Series / Model | C1: Type | D1: Kit Capacity | E1: Module Config | F1: Speed (MT/s) | G1: CAS Latency | H1: Voltage (V) | I1: Heatspreader | J1: RGB | K1: Typical Use
A2: Kingston | B2: FURY Beast DDR4 | C2: DDR4 | D2: 8 GB | E2: 1 x 8 GB | F2: 3200 | G2: CL16 | H2: 1.35 | I2: Yes | J2: No | K2: Budget builds / office upgrades
A3: Kingston | B3: FURY Beast DDR4 | C3: DDR4 | D3: 16 GB | E3: 2 x 8 GB | F3: 3200 | G3: CL16 | H3: 1.35 | I3: Yes | J3: No | K3: Mainstream gaming
A4: Kingston | B4: FURY Beast DDR4 RGB | C4: DDR4 | D4: 32 GB | E4: 2 x 16 GB | F4: 3600 | G4: CL18 | H4: 1.35 | I4: Yes | J4: Yes | K4: Gaming / streaming
A5: Kingston | B5: FURY Renegade DDR4 | C5: DDR4 | D5: 32 GB | E5: 2 x 16 GB | F5: 3600 | G5: CL16 | H5: 1.35 | I5: Yes | J5: Optional | K5: Enthusiast / OC
A6: Kingston | B6: ValueRAM | C6: DDR4 | D6: 8 GB | E6: 1 x 8 GB | F6: 2666 | G6: CL19 | H6: 1.2 | I6: No | J6: No | K6: Office / SI builds
A7: Corsair | B7: Vengeance LPX | C7: DDR4 | D7: 16 GB | E7: 2 x 8 GB | F7: 3200 | G7: CL16 | H7: 1.35 | I7: Yes | J7: No | K7: Low-profile, air-cooler friendly
A8: Corsair | B8: Vengeance LPX | C8: DDR4 | D8: 32 GB | E8: 2 x 16 GB | F8: 3600 | G8: CL18 | H8: 1.35 | I8: Yes | J8: No | K8: Mainstream / workstation
A9: Corsair | B9: Vengeance RGB PRO | C9: DDR4 | D9: 32 GB | E9: 2 x 16 GB | F9: 3600 | G9: CL18 | H9: 1.35 | I9: Yes | J9: Yes | K9: Show builds
A10: Corsair | B10: Dominator Platinum RGB | C10: DDR4 | D10: 32 GB | E10: 2 x 16 GB | F10: 3600 | G10: CL18 | H10: 1.35 | I10: Yes | J10: Yes | K10: Premium enthusiast
A11: G.Skill | B11: Ripjaws V | C11: DDR4 | D11: 16 GB | E11: 2 x 8 GB | F11: 3200 | G11: CL16 | H11: 1.35 | I11: Yes | J11: No | K11: Best-value mainstream kit
A12: G.Skill | B12: Ripjaws V | C12: DDR4 | D12: 32 GB | E12: 2 x 16 GB | F12: 3600 | G12: CL18 | H12: 1.35 | I12: Yes | J12: No | K12: Gaming / editing
A13: G.Skill | B13: Trident Z Neo | C13: DDR4 | D13: 32 GB | E13: 2 x 16 GB | F13: 3600 | G13: CL16 | H13: 1.35 | I13: Yes | J13: Yes | K13: Ryzen-optimised, Samsung B-die SKUs
... A42: ADATA / XPG | B42: XPG Lancer RGB DDR5 | C42: DDR5 | D42: 32 GB | E42: 2 x 16 GB | F42: 6400 | G42: CL32 | H42: 1.4 | I42: Yes | J42: Yes | K42: RGB enthusiast

Sheet 5. Storage
A1: Brand | B1: Model | C1: Category | D1: Form Factor | E1: Interface | F1: Capacities | G1: Seq. Read (MB/s) | H1: Seq. Write (MB/s) | I1: DRAM Cache | J1: Warranty | K1: Typical Use
A2: Samsung | B2: 970 EVO Plus | C2: NVMe SSD | D2: M.2 2280 | E2: PCIe 3.0 x4 | F2: 250 GB - 2 TB | G2: 3500 | H2: 3300 | I2: Yes | J2: 5 years | K2: Reliable mainstream OS drive
A3: Western Digital | B3: WD Blue SN570 | C3: NVMe SSD | D3: M.2 2280 | E3: PCIe 3.0 x4 | F3: 250 GB - 2 TB | G3: 3500 | H3: 3000 | I3: No (HMB) | J3: 5 years | K3: Value OS / general storage
A4: Western Digital | B4: WD Black SN770 | C4: NVMe SSD | D4: M.2 2280 | E4: PCIe 4.0 x4 | F4: 250 GB - 2 TB | G4: 5150 | H4: 4900 | I4: No (HMB) | J4: 5 years | K4: Gaming, no DRAM but fast
A5: Crucial | B5: P3 Plus | C5: NVMe SSD | D5: M.2 2280 | E5: PCIe 4.0 x4 | F5: 500 GB - 4 TB | G5: 5000 | H5: 4200 | I5: No (HMB) | J5: 5 years | K5: Budget capacity drive
A6: Kingston | B6: NV2 | C6: NVMe SSD | D6: M.2 2280 | E6: PCIe 4.0 x4 | F6: 250 GB - 4 TB | G6: 3500 | H6: 2800 | I6: No (HMB) | J6: 3 years | K6: Budget bulk storage (variable NAND)
A7: Kingston | B7: KC3000 | C7: NVMe SSD | D7: M.2 2280 | E7: PCIe 4.0 x4 | F7: 512 GB - 4 TB | G7: 7000 | H7: 7000 | I7: Yes | J7: 5 years | K7: High-end workload drive
A8: Samsung | B8: 980 PRO | C8: NVMe SSD | D8: M.2 2280 | E8: PCIe 4.0 x4 | F8: 250 GB - 2 TB | G8: 7000 | H8: 5100 | I8: Yes | J8: 5 years | K8: High-end gaming / editing
A9: Samsung | B9: 990 PRO | C9: NVMe SSD | D9: M.2 2280 | E9: PCIe 4.0 x4 | F9: 1 TB - 4 TB | G9: 7450 | H9: 6900 | I9: Yes | J9: 5 years | K9: Flagship PCIe 4.0
A10: Samsung | B10: 990 EVO Plus | C10: NVMe SSD | D10: M.2 2280 | E10: PCIe 4.0 x4 / 5.0 x2 | F10: 1 TB - 4 TB | G10: 7250 | H10: 6300 | I10: No (HMB) | J10: 5 years | K10: Mainstream high-speed
A11: Western Digital | B11: WD Black SN850X | C11: NVMe SSD | D11: M.2 2280 | E11: PCIe 4.0 x4 | F11: 1 TB - 8 TB | G11: 7300 | H11: 6600 | I11: Yes | J11: 5 years | K11: Top-tier gaming drive
A12: Crucial | B12: T500 | C12: NVMe SSD | D12: M.2 2280 | E12: PCIe 4.0 x4 | F12: 500 GB - 4 TB | G12: 7400 | H12: 7000 | I12: Yes | J12: 5 years | K12: Value flagship PCIe 4.0
A13: Seagate | B13: FireCuda 530 | C13: NVMe SSD | D13: M.2 2280 | E13: PCIe 4.0 x4 | F13: 500 GB - 4 TB | G13: 7300 | H13: 6900 | I13: Yes | J13: 5 years | K13: High endurance gaming
... A35: Toshiba | B35: MG Series | C35: HDD 7200 RPM (Enterprise) | D35: 3.5-inch | E35: SATA III / SAS | F35: 4 TB - 22 TB | G35: 260 | H35: 260 | I35: 256-512 MB cache | J35: 5 years | K35: Enterprise / server

Sheet 6. PSU
A1: Brand | B1: Model | C1: Wattage (W) | D1: 80 PLUS Rating | E1: Modularity | F1: Form Factor | G1: ATX Standard | H1: 12VHPWR / 12V-2x6 | I1: Fan Size (mm) | J1: Warranty (Years) | K1: Notes
A2: Corsair | B2: CX550 (2023) | C2: 550 | D2: 80+ Bronze | E2: Non-modular | F2: ATX | G2: ATX 2.4 | H2: No | I2: 120 | J2: 5 | K2: Entry-level budget build
A3: Corsair | B3: CX650 (2023) | C3: 650 | D3: 80+ Bronze | E3: Non-modular | F3: ATX | G3: ATX 2.4 | H3: No | I3: 120 | J3: 5 | K3: Common budget gaming pick
A4: Corsair | B4: CX750 (2023) | C4: 750 | D4: 80+ Bronze | E4: Non-modular | F4: ATX | G4: ATX 2.4 | H4: No | I4: 120 | J4: 5 | K4: Budget mid-range gaming
A5: Corsair | B5: CX650M | C5: 650 | D5: 80+ Bronze | E5: Semi-modular | F5: ATX | G5: ATX 2.4 | H5: No | I5: 120 | J5: 5 | K5: Semi-modular budget
A6: Corsair | B6: CX750M | C6: 750 | D6: 80+ Bronze | E6: Semi-modular | F6: ATX | G6: ATX 2.4 | H6: No | I6: 120 | J6: 5 | K6: Semi-modular budget
A7: Corsair | B7: RM550x | C7: 550 | D7: 80+ Gold | E7: Full-modular | F7: ATX | G7: ATX 2.4 | H7: No | I7: 135 | J7: 10 | K7: Quiet, zero-RPM mode
A8: Corsair | B8: RM650x | C8: 650 | D8: 80+ Gold | E8: Full-modular | F8: ATX | G8: ATX 2.4 | H8: No | I8: 135 | J8: 10 | K8: Long-standing quality pick
A9: Corsair | B9: RM750x | C9: 750 | D9: 80+ Gold | E9: Full-modular | F9: ATX | G9: ATX 2.4 | H9: No | I9: 135 | J9: 10 | K9: Popular RTX 4070/7800 XT pairing
A10: Corsair | B10: RM850x | C10: 850 | D10: 80+ Gold | E10: Full-modular | F10: ATX | G10: ATX 2.4 | H10: No | I10: 135 | J10: 10 | K10: Popular high-end pairing
A11: Corsair | B11: RM1000x | C11: 1000 | D11: 80+ Gold | E11: Full-modular | F11: ATX | G11: ATX 2.4 | H11: No | I11: 135 | J11: 10 | K11: For RTX 4090-class builds
A12: Corsair | B12: RM650e (ATX 3.1) | C12: 650 | D12: 80+ Gold | E12: Full-modular | F12: ATX | G12: ATX 3.1 | H12: Yes (12V-2x6) | I12: 120 | J12: 7 | K12: Native 12V-2x6 cable
A13: Corsair | B13: RM750e (ATX 3.1) | C13: 750 | D13: 80+ Gold | E13: Full-modular | F13: ATX | G13: ATX 3.1 | H13: Yes (12V-2x6) | I13: 120 | J13: 7 | K13: Native 12V-2x6 cable
... A138: Lian Li | B138: EDGE 1000W | C138: 1000 | D138: 80+ Gold | E138: Full-modular | F138: ATX | G138: ATX 3.0 | H138: Yes (12VHPWR) | I138: 135 | J138: 10 | K138: Clean-look enthusiast unit

Sheet 7. Case
A1: Brand | B1: Model | C1: Tower Class | D1: Motherboard Support | E1: Front Panel Type | F1: Side Panel | G1: Max GPU Length (mm) | H1: Max CPU Cooler Height (mm) | I1: Max PSU Length (mm) | J1: Radiator Support | K1: Included Fans | L1: 2.5" / 3.5" Bays | M1: Front I/O
A2: Lian Li | B2: O11 Dynamic EVO | C2: Mid Tower | D2: E-ATX, ATX, mATX, Mini-ITX | E2: Solid (glass) | F2: Tempered Glass | G2: 423 | H2: 167 | I2: 220 | J2: 360mm top / 360mm side / 360mm bottom | K2: None included | L2: 4 / 6 | M2: 1x USB-C, 2x USB 3.0, Audio
A3: Lian Li | B3: Lancool 216 | C3: Mid Tower | D3: E-ATX, ATX, mATX, Mini-ITX | E3: Mesh | F3: Tempered Glass | G3: 392 | H3: 180 | I3: 220 | J3: 360mm front / 240mm top | K3: 2x 160mm front, 1x 140mm rear | L3: 4 / 2 | M3: 1x USB-C, 2x USB 3.0, Audio
A4: Lian Li | B4: Lancool III | C4: Mid Tower | D4: E-ATX, ATX, mATX, Mini-ITX | E4: Mesh | F4: Tempered Glass (hinged) | G4: 435 | H4: 187 | I4: 220 | J4: 420mm front / 360mm top | K4: 3x 140mm front, 1x 140mm rear | L4: 4 / 4 | M4: 1x USB-C, 2x USB 3.0, Audio
A5: NZXT | B5: H5 Flow (2024) | C5: Mid Tower | D5: ATX, mATX, Mini-ITX | E5: Mesh | F5: Tempered Glass | G5: 410 | H5: 165 | I5: 200 | J5: 280mm front / 240mm top | K5: 2x 120mm | L5: 2 / 1 | M5: 1x USB-C, 1x USB 3.2, Audio
A6: NZXT | B6: H7 Flow (2024) | C6: Mid Tower | D6: E-ATX, ATX, mATX, Mini-ITX | E6: Mesh | F6: Tempered Glass | G6: 400 | H6: 185 | I6: 200 | J6: 360mm front / 360mm top | K6: 3x 120mm | L6: 4 / 2 | M6: 1x USB-C, 2x USB 3.2, Audio
A7: NZXT | B7: H9 Flow (2024) | C7: Mid Tower | D7: ATX, mATX, Mini-ITX | E7: Mesh + Glass | F7: Dual Tempered Glass | G7: 435 | H7: 165 | I7: 200 | J7: 360mm top / 360mm side / 360mm bottom | K7: 3x 120mm | L7: 4 / 2 | M7: 1x USB-C, 2x USB 3.2, Audio
A8: Corsair | B8: 4000D Airflow | C8: Mid Tower | D8: E-ATX, ATX, mATX, Mini-ITX | E8: Mesh | F8: Tempered Glass | G8: 360 | H8: 170 | I8: 220 | J8: 360mm front / 280mm top | K8: 2x 120mm | L8: 2 / 2 | M8: 1x USB-C, 1x USB 3.0, Audio
A9: Corsair | B9: 3500X | C9: Mid Tower | D9: E-ATX, ATX, mATX, Mini-ITX | E9: Mesh + Glass | F9: Dual Tempered Glass | G9: 400 | H9: 170 | I9: 220 | J9: 360mm side / 360mm top | K9: 3x 120mm ARGB | L9: 2 / 2 | M9: 1x USB-C, 2x USB 3.0, Audio
A10: Corsair | B10: 5000D Airflow | C10: Mid Tower | D10: E-ATX, ATX, mATX, Mini-ITX | E10: Mesh | F10: Tempered Glass | G10: 420 | H10: 170 | I10: 225 | J10: 360mm front / 360mm side / 280mm top | K10: 2x 120mm | L10: 4 / 2 | M10: 1x USB-C, 2x USB 3.0, Audio
A11: Corsair | B11: iCUE LINK 6500X RGB | C11: Mid Tower | D11: E-ATX, ATX, mATX, Mini-ITX | E11: Glass | F11: Dual Tempered Glass | G11: 400 | H11: 170 | I11: 220 | J11: 360mm top / 360mm side / 360mm bottom | K11: 3x 120mm RGB | L11: 4 / 2 | M11: 1x USB-C, 2x USB 3.0, Audio
A12: Fractal Design | B12: North | C12: Mid Tower | D12: ATX, mATX, Mini-ITX | E12: Walnut + Mesh | F12: Tempered Glass or Mesh | G12: 355 | H12: 170 | I12: 200 | J12: 360mm front / 240mm top | K12: 2x 140mm | L12: 2 / 2 | M12: 1x USB-C, 2x USB 3.0, Audio
A13: Fractal Design | B13: Pop Air | C13: Mid Tower | D13: ATX, mATX, Mini-ITX | E13: Mesh | F13: Tempered Glass | G13: 405 | H13: 170 | I13: 190 | J13: 360mm front / 240mm top | K13: 3x 120mm | L13: 2 / 4 | M13: 2x USB 3.0, Audio
... A67: Hyte | B67: Y70 Touch Infinite | C67: Full Tower | D67: E-ATX, ATX, mATX, Mini-ITX | E67: Glass + LCD | F67: Panoramic Tempered Glass | G67: 422 | H67: 164 | I67: 220 | J67: 360mm top / 360mm side | K67: 3x 120mm | L67: 2 / 2 | M67: 1x USB-C, 3x USB 3.0, Audio

Sheet 8. CPU Cooler
A1: Brand | B1: Model | C1: Type | D1: Height / Radiator Size | E1: Fan Config | F1: Rated TDP (W) | G1: Socket Support | H1: RGB | I1: Notes
A2: Cooler Master | B2: Hyper 212 Black Edition | C2: Air (tower) | D2: 159 mm | E2: 1x 120mm PWM | F2: 150 | G2: LGA1700/1200/115x, AM5/AM4 | H2: No | I2: Long-running budget standard
A3: Cooler Master | B3: Hyper 212 Halo Black | C3: Air (tower) | D3: 159 mm | E3: 1x 120mm ARGB | F3: 150 | G3: LGA1851/1700/1200, AM5/AM4 | H3: Yes | I3: ARGB version
A4: Deepcool | B4: AK400 | C4: Air (tower) | D4: 155 mm | E4: 1x 120mm PWM | F4: 220 | G4: LGA1851/1700/1200, AM5/AM4 | H4: No | I4: Excellent budget performer
A5: Deepcool | B5: AK620 | C5: Air (dual tower) | D5: 160 mm | E5: 2x 120mm PWM | F5: 260 | G5: LGA1851/1700/1200, AM5/AM4 | H5: No | I5: Near-flagship air cooling
A6: Deepcool | B6: AG400 | C6: Air (tower) | D6: 150 mm | E6: 1x 120mm PWM | F6: 220 | G6: LGA1700/1200, AM5/AM4 | H6: Optional | I6: Compact budget option
A7: Thermalright | B7: Peerless Assassin 120 SE | C7: Air (dual tower) | D7: 155 mm | E7: 2x 120mm PWM | F7: 245 | G7: LGA1851/1700/1200, AM5/AM4 | H7: No | I7: Best value high-end air
A8: Thermalright | B8: Phantom Spirit 120 SE | C8: Air (dual tower) | D8: 157 mm | E8: 2x 120mm PWM | F8: 245 | G8: LGA1851/1700/1200, AM5/AM4 | H8: No | I8: Successor to Peerless Assassin
A9: Thermalright | B9: Assassin X 120 Refined SE | C9: Air (tower) | D9: 148 mm | E9: 1x 120mm PWM | F9: 180 | G9: LGA1700/1200, AM5/AM4 | H9: No | I9: Very cheap, decent performance
A10: Noctua | B10: NH-U12S redux | C10: Air (tower) | D10: 158 mm | E10: 1x 120mm PWM | F10: 180 | G10: LGA1851/1700/1200, AM5/AM4 | H10: No | I10: Quiet, compact
A11: Noctua | B11: NH-U12A | C11: Air (dual tower) | D11: 158 mm | E11: 2x 120mm PWM | F11: 220 | G11: LGA1851/1700/1200, AM5/AM4 | H11: No | I11: Compact but flagship-class
A12: Noctua | B12: NH-D15 | C12: Air (dual tower) | D12: 165 mm | E12: 2x 140mm PWM | F12: 250 | G12: LGA1851/1700/1200, AM5/AM4 | H12: No | I12: Long-time air cooling benchmark
A13: Noctua | B13: NH-D15 G2 | C13: Air (dual tower) | D13: 168 mm | E13: 2x 140mm PWM | F13: 280 | G13: LGA1851/1700, AM5 | H13: No | I13: Current flagship air cooler
... A35: MSI | B35: MAG CORELIQUID E360 | C35: AIO Liquid | D35: 360 mm radiator | E35: 3x 120mm ARGB | F35: 280 | G35: LGA1851/1700/1200, AM5/AM4 | H35: Yes | I35: Value 360mm

Sheet 9. Summary
A1: Workbook Contents - Live Counts
A2: Every figure below is a formula, so it updates automatically when you add or remove rows.
A4: Sheet | B4: Component Category | C4: Entries | D4: Breakdown | E4: Count
A5: 1. CPU | B5: Processors | C5: =COUNTA('1. CPU'!C2:C500) -> 170 | D5: Intel | E5: =COUNTIF('1. CPU'!A2:A500,"Intel") -> 96
D6: AMD | E6: =COUNTIF('1. CPU'!A2:A500,"AMD") -> 74
D7: Socket AM4 | E7: =COUNTIF('1. CPU'!E2:E500,"AM4") -> 50
D8: Socket AM5 | E8: =COUNTIF('1. CPU'!E2:E500,"AM5") -> 24
D9: Socket LGA1200 | E9: =COUNTIF('1. CPU'!E2:E500,"LGA1200") -> 35
D10: Socket LGA1700 | E10: =COUNTIF('1. CPU'!E2:E500,"LGA1700") -> 51
D11: Socket LGA1851 | E11: =COUNTIF('1. CPU'!E2:E500,"LGA1851") -> 10
A12: 2. GPU | B12: Graphics Cards | C12: =COUNTA('2. GPU'!C2:C500) -> 75 | D12: NVIDIA | E12: =COUNTIF('2. GPU'!A2:A500,"NVIDIA") -> 41
D13: AMD | E13: =COUNTIF('2. GPU'!A2:A500,"AMD") -> 26
D14: Intel Arc | E14: =COUNTIF('2. GPU'!A2:A500,"Intel") -> 8
A15: 3. Motherboard | B15: Motherboards | C15: =COUNTA('3. Motherboard'!B2:B500) -> 67 | D15: Intel sockets | E15: =COUNTIF('3. Motherboard'!D2:D500,"LGA*") -> 33
D16: AMD sockets | E16: =COUNTIF('3. Motherboard'!D2:D500,"AM*") -> 34
A17: 4. RAM | B17: Memory Kits | C17: =COUNTA('4. RAM'!B2:B500) -> 41 | D17: DDR4 | E17: =COUNTIF('4. RAM'!C2:C500,"DDR4") -> 21
D18: DDR5 | E18: =COUNTIF('4. RAM'!C2:C500,"DDR5") -> 20
A19: 5. Storage | B19: Drives | C19: =COUNTA('5. Storage'!B2:B500) -> 34 | D19: NVMe SSD | E19: =COUNTIF('5. Storage'!C2:C500,"NVMe SSD") -> 18
D20: SATA SSD | E20: =COUNTIF('5. Storage'!C2:C500,"SATA SSD") -> 7
D21: HDD | E21: =COUNTIF('5. Storage'!C2:C500,"HDD*") -> 9
A22: 6. PSU | B22: Power Supplies (500-1000 W) | C22: =COUNTA('6. PSU'!B2:B500) -> 137 | D22: 500-599 W | E22: =COUNTIFS('6. PSU'!C2:C500,">=500",'6. PSU'!C2:C500,"<600") -> 17
D23: 600-749 W | E23: =COUNTIFS('6. PSU'!C2:C500,">=600",'6. PSU'!C2:C500,"<750") -> 27
D24: 750-849 W | E24: =COUNTIFS('6. PSU'!C2:C500,">=750",'6. PSU'!C2:C500,"<850") -> 32
D25: 850-999 W | E25: =COUNTIFS('6. PSU'!C2:C500,">=850",'6. PSU'!C2:C500,"<1000") -> 31
D26: 1000 W | E26: =COUNTIF('6. PSU'!C2:C500,1000) -> 30
D27: 80+ Gold or better | E27: =COUNTA('6. PSU'!B2:B500)-COUNTIF('6. PSU'!D2:D500,"80+ Bronze") -> 107
A28: 7. Case | B28: Cases (Mid to Full Tower) | C28: =COUNTA('7. Case'!B2:B500) -> 66 | D28: Mid Tower | E28: =COUNTIF('7. Case'!C2:C500,"Mid Tower*") -> 45
D29: Full / Super Tower | E29: =COUNTIF('7. Case'!C2:C500,"*Full Tower*") -> 21
A30: 8. CPU Cooler | B30: CPU Coolers | C30: =COUNTA('8. CPU Cooler'!B2:B500) -> 34 | D30: Air | E30: =COUNTIF('8. CPU Cooler'!C2:C500,"Air*") -> 19
D31: AIO Liquid | E31: =COUNTIF('8. CPU Cooler'!C2:C500,"AIO*") -> 15
B33: TOTAL PARTS LISTED | C33: =SUM(C5:C31) -> 624
